Workbook

Sheet 원본파일
A2: 상가 | B2: 상호 | C2: 결제금액
A3: 거리 | B3: 썬데이키즈 | C3: 283000
A4: 거리 | B4: 씨티모자 | C4: 93000
A5: 거리 | B5: 엠버 | C5: 541000
A6: 거리 | B6: 월드모자 | C6: 236000
A7: 거리 | B7: 작은모자 | C7: 334000
A8: 거리 | B8: 팀앤드 | C8: 1414000
A9: 거리 | B9: 하모니 | C9: 114000
A10: 거리 | B10: 화이트스케치북 | C10: 6000000
A11: 마마 | B11: 구루구루 | C11: 88000
A12: 마마 | B12: 노멀플레이 | C12: 64000
A13: 마마 | B13: 디그린(악세10) | C13: 11759000
A14: 마마 | B14: 디스코봉봉 | C14: 182000
... A174: 혜양 | B174: 플라워제이 | C174: 1390000

Sheet 프린트(수정금지)
A1: =원본파일!A3 -> 거리 | B1: =원본파일!#REF! -> #REF! | C1: =원본파일!B3 -> 썬데이키즈 | D1: =원본파일!C3 -> 283000 | E1: =원본파일!#REF! -> #REF! | F1: =원본파일!#REF! -> #REF! | H1: =원본파일!A15 -> 마마 | I1: =원본파일!#REF! -> #REF! | J1: =원본파일!B15 -> 러브로지 | K1: =원본파일!C15 -> 30000 | L1: =원본파일!#REF! -> #REF! | M1: =원본파일!#REF! -> #REF!
A2: =원본파일!A4 -> 거리 | B2: =원본파일!#REF! -> #REF! | C2: =원본파일!B4 -> 씨티모자 | D2: =원본파일!C4 -> 93000 | E2: =원본파일!#REF! -> #REF! | F2: =원본파일!#REF! -> #REF! | H2: =원본파일!A16 -> 마마 | I2: =원본파일!#REF! -> #REF! | J2: =원본파일!B16 -> 리틀노말 | K2: =원본파일!C16 -> 37000 | L2: =원본파일!#REF! -> #REF! | M2: =원본파일!#REF! -> #REF!
A3: =원본파일!A5 -> 거리 | B3: =원본파일!#REF! -> #REF! | C3: =원본파일!B5 -> 엠버 | D3: =원본파일!C5 -> 541000 | E3: =원본파일!#REF! -> #REF! | F3: =원본파일!#REF! -> #REF! | H3: =원본파일!A17 -> 마마 | I3: =원본파일!#REF! -> #REF! | J3: =원본파일!B17 -> 메리고라운드 | K3: =원본파일!C17 -> 32000 | L3: =원본파일!#REF! -> #REF! | M3: =원본파일!#REF! -> #REF!
A4: =원본파일!A6 -> 거리 | B4: =원본파일!#REF! -> #REF! | C4: =원본파일!B6 -> 월드모자 | D4: =원본파일!C6 -> 236000 | E4: =원본파일!#REF! -> #REF! | F4: =원본파일!#REF! -> #REF! | H4: =원본파일!A18 -> 마마 | I4: =원본파일!#REF! -> #REF! | J4: =원본파일!B18 -> 모리모리 | K4: =원본파일!C18 -> 68000 | L4: =원본파일!#REF! -> #REF! | M4: =원본파일!#REF! -> #REF!
A5: =원본파일!A7 -> 거리 | B5: =원본파일!#REF! -> #REF! | C5: =원본파일!B7 -> 작은모자 | D5: =원본파일!C7 -> 334000 | E5: =원본파일!#REF! -> #REF! | F5: =원본파일!#REF! -> #REF! | H5: =원본파일!A19 -> 마마 | I5: =원본파일!#REF! -> #REF! | J5: =원본파일!B19 -> 모어 | K5: =원본파일!C19 -> 52000 | L5: =원본파일!#REF! -> #REF! | M5: =원본파일!#REF! -> #REF!
A6: =원본파일!A8 -> 거리 | B6: =원본파일!#REF! -> #REF! | C6: =원본파일!B8 -> 팀앤드 | D6: =원본파일!C8 -> 1414000 | E6: =원본파일!#REF! -> #REF! | F6: =원본파일!#REF! -> #REF! | H6: =원본파일!A20 -> 마마 | I6: =원본파일!#REF! -> #REF! | J6: =원본파일!B20 -> 미니로브(악세10) | K6: =원본파일!C20 -> 31228000 | L6: =원본파일!#REF! -> #REF! | M6: =원본파일!#REF! -> #REF!
A7: =원본파일!A9 -> 거리 | B7: =원본파일!#REF! -> #REF! | C7: =원본파일!B9 -> 하모니 | D7: =원본파일!C9 -> 114000 | E7: =원본파일!#REF! -> #REF! | F7: =원본파일!#REF! -> #REF! | H7: =원본파일!A21 -> 마마 | I7: =원본파일!#REF! -> #REF! | J7: =원본파일!B21 -> 미니멜로 | K7: =원본파일!C21 -> 32000 | L7: =원본파일!#REF! -> #REF! | M7: =원본파일!#REF! -> #REF!
A8: =원본파일!A10 -> 거리 | B8: =원본파일!#REF! -> #REF! | C8: =원본파일!B10 -> 화이트스케치북 | D8: =원본파일!C10 -> 6000000 | E8: =원본파일!#REF! -> #REF! | F8: =원본파일!#REF! -> #REF! | H8: =원본파일!A22 -> 마마 | I8: =원본파일!#REF! -> #REF! | J8: =원본파일!B22 -> 베베홀릭 | K8: =원본파일!C22 -> 2000000 | L8: =원본파일!#REF! -> #REF! | M8: =원본파일!#REF! -> #REF!
A9: =원본파일!A11 -> 마마 | B9: =원본파일!#REF! -> #REF! | C9: =원본파일!B11 -> 구루구루 | D9: =원본파일!C11 -> 88000 | E9: =원본파일!#REF! -> #REF! | F9: =원본파일!#REF! -> #REF! | H9: =원본파일!A23 -> 마마 | I9: =원본파일!#REF! -> #REF! | J9: =원본파일!B23 -> 벨로 | K9: =원본파일!C23 -> 930000 | L9: =원본파일!#REF! -> #REF! | M9: =원본파일!#REF! -> #REF!
A10: =원본파일!A12 -> 마마 | B10: =원본파일!#REF! -> #REF! | C10: =원본파일!B12 -> 노멀플레이 | D10: =원본파일!C12 -> 64000 | E10: =원본파일!#REF! -> #REF! | F10: =원본파일!#REF! -> #REF! | H10: =원본파일!A24 -> 마마 | I10: =원본파일!#REF! -> #REF! | J10: =원본파일!B24 -> 벨루베베 | K10: =원본파일!C24 -> 5755000 | L10: =원본파일!#REF! -> #REF! | M10: =원본파일!#REF! -> #REF!
A11: =원본파일!A13 -> 마마 | B11: =원본파일!#REF! -> #REF! | C11: =원본파일!B13 -> 디그린(악세10) | D11: =원본파일!C13 -> 11759000 | E11: =원본파일!#REF! -> #REF! | F11: =원본파일!#REF! -> #REF! | H11: =원본파일!A25 -> 마마 | I11: =원본파일!#REF! -> #REF! | J11: =원본파일!B25 -> 브로디제인 | K11: =원본파일!C25 -> 262000 | L11: =원본파일!#REF! -> #REF! | M11: =원본파일!#REF! -> #REF!
A12: =원본파일!A14 -> 마마 | B12: =원본파일!#REF! -> #REF! | C12: =원본파일!B14 -> 디스코봉봉 | D12: =원본파일!C14 -> 182000 | E12: =원본파일!#REF! -> #REF! | F12: =원본파일!#REF! -> #REF! | H12: =원본파일!A26 -> 마마 | I12: =원본파일!#REF! -> #REF! | J12: =원본파일!B26 -> 아커 | K12: =원본파일!C26 -> 76000 | L12: =원본파일!#REF! -> #REF! | M12: =원본파일!#REF! -> #REF!
A13: =원본파일!A27 -> 마마 | B13: =원본파일!#REF! -> #REF! | C13: =원본파일!B27 -> 아토메메(악세10) | D13: =원본파일!C27 -> 13498000 | E13: =원본파일!#REF! -> #REF! | F13: =원본파일!#REF! -> #REF! | H13: =원본파일!A39 -> 부르뎅 | I13: =원본파일!#REF! -> #REF! | J13: =원본파일!B39 -> 도레도레 | K13: =원본파일!C39 -> 2917000 | L13: =원본파일!#REF! -> #REF! | M13: =원본파일!#REF! -> #REF!
A14: =원본파일!A28 -> 마마 | B14: =원본파일!#REF! -> #REF! | C14: =원본파일!B28 -> 에끌레어 | D14: =원본파일!C28 -> 696000 | E14: =원본파일!#REF! -> #REF! | F14: =원본파일!#REF! -> #REF! | H14: =원본파일!A40 -> 부르뎅 | I14: =원본파일!#REF! -> #REF! | J14: =원본파일!B40 -> 러빈 | K14: =원본파일!C40 -> 61000 | L14: =원본파일!#REF! -> #REF! | M14: =원본파일!#REF! -> #REF!
A15: =원본파일!A29 -> 마마 | B15: =원본파일!#REF! -> #REF! | C15: =원본파일!B29 -> 엘리몰리 | D15: =원본파일!C29 -> 89000 | E15: =원본파일!#REF! -> #REF! | F15: =원본파일!#REF! -> #REF! | H15: =원본파일!A41 -> 부르뎅 | I15: =원본파일!#REF! -> #REF! | J15: =원본파일!B41 -> 레이커 | K15: =원본파일!C41 -> 59000 | L15: =원본파일!#REF! -> #REF! | M15: =원본파일!#REF! -> #REF!
A16: =원본파일!A30 -> 마마 | B16: =원본파일!#REF! -> #REF! | C16: =원본파일!B30 -> 오렌 | D16: =원본파일!C30 -> 902000 | E16: =원본파일!#REF! -> #REF! | F16: =원본파일!#REF! -> #REF! | H16: =원본파일!A42 -> 부르뎅 | I16: =원본파일!#REF! -> #REF! | J16: =원본파일!B42 -> 로다제이 | K16: =원본파일!C42 -> 33000 | L16: =원본파일!#REF! -> #REF! | M16: =원본파일!#REF! -> #REF!
A17: =원본파일!A31 -> 마마 | B17: =원본파일!#REF! -> #REF! | C17: =원본파일!B31 -> 이지아이(주언사JU) | D17: =원본파일!C31 -> 346000 | E17: =원본파일!#REF! -> #REF! | F17: =원본파일!#REF! -> #REF! | H17: =원본파일!A43 -> 부르뎅 | I17: =원본파일!#REF! -> #REF! | J17: =원본파일!B43 -> 멜멜 | K17: =원본파일!C43 -> 860000 | L17: =원본파일!#REF! -> #REF! | M17: =원본파일!#REF! -> #REF!
A18: =원본파일!A32 -> 마마 | B18: =원본파일!#REF! -> #REF! | C18: =원본파일!B32 -> 재주소년 | D18: =원본파일!C32 -> 631000 | E18: =원본파일!#REF! -> #REF! | F18: =원본파일!#REF! -> #REF! | H18: =원본파일!A44 -> 부르뎅 | I18: =원본파일!#REF! -> #REF! | J18: =원본파일!B44 -> 몽쉘슈슈 | K18: =원본파일!C44 -> 31000 | L18: =원본파일!#REF! -> #REF! | M18: =원본파일!#REF! -> #REF!
A19: =원본파일!A33 -> 마마 | B19: =원본파일!#REF! -> #REF! | C19: =원본파일!B33 -> 폼 | D19: =원본파일!C33 -> 193000 | E19: =원본파일!#REF! -> #REF! | F19: =원본파일!#REF! -> #REF! | H19: =원본파일!A45 -> 부르뎅 | I19: =원본파일!#REF! -> #REF! | J19: =원본파일!B45 -> 미앙블룸비 | K19: =원본파일!C45 -> 288000 | L19: =원본파일!#REF! -> #REF! | M19: =원본파일!#REF! -> #REF!
A20: =원본파일!A34 -> 마마 | B20: =원본파일!#REF! -> #REF! | C20: =원본파일!B34 -> 퐁듀 | D20: =원본파일!C34 -> 264000 | E20: =원본파일!#REF! -> #REF! | F20: =원본파일!#REF! -> #REF! | H20: =원본파일!A46 -> 부르뎅 | I20: =원본파일!#REF! -> #REF! | J20: =원본파일!B46 -> 보보제이 | K20: =원본파일!C46 -> 1459000 | L20: =원본파일!#REF! -> #REF! | M20: =원본파일!#REF! -> #REF!
A21: =원본파일!A35 -> 마마 | B21: =원본파일!#REF! -> #REF! | C21: =원본파일!B35 -> 푸이푸이 | D21: =원본파일!C35 -> 72000 | E21: =원본파일!#REF! -> #REF! | F21: =원본파일!#REF! -> #REF! | H21: =원본파일!A47 -> 부르뎅 | I21: =원본파일!#REF! -> #REF! | J21: =원본파일!B47 -> 세븐틴 | K21: =원본파일!C47 -> 71000 | L21: =원본파일!#REF! -> #REF! | M21: =원본파일!#REF! -> #REF!
A22: =원본파일!A36 -> 마마 | B22: =원본파일!#REF! -> #REF! | C22: =원본파일!B36 -> 플로 | D22: =원본파일!C36 -> 6826000 | E22: =원본파일!#REF! -> #REF! | F22: =원본파일!#REF! -> #REF! | H22: =원본파일!A48 -> 부르뎅 | I22: =원본파일!#REF! -> #REF! | J22: =원본파일!B48 -> 스마일허그(구야누스) | K22: =원본파일!C48 -> 124000 | L22: =원본파일!#REF! -> #REF! | M22: =원본파일!#REF! -> #REF!
A23: =원본파일!A37 -> 마마 | B23: =원본파일!#REF! -> #REF! | C23: =원본파일!B37 -> 허니팟 | D23: =원본파일!C37 -> 47000 | E23: =원본파일!#REF! -> #REF! | F23: =원본파일!#REF! -> #REF! | H23: =원본파일!A49 -> 부르뎅 | I23: =원본파일!#REF! -> #REF! | J23: =원본파일!B49 -> 아오스타 | K23: =원본파일!C49 -> 382000 | L23: =원본파일!#REF! -> #REF! | M23: =원본파일!#REF! -> #REF!
A24: =원본파일!A38 -> 마마 | B24: =원본파일!#REF! -> #REF! | C24: =원본파일!B38 -> 히얼아이엠 | D24: =원본파일!C38 -> 16630000 | E24: =원본파일!#REF! -> #REF! | F24: =원본파일!#REF! -> #REF! | H24: =원본파일!A50 -> 부르뎅 | I24: =원본파일!#REF! -> #REF! | J24: =원본파일!B50 -> 아이아이/마이다럴 | K24: =원본파일!C50 -> 5626000 | L24: =원본파일!#REF! -> #REF! | M24: =원본파일!#REF! -> #REF!
A25: =원본파일!A51 -> 부르뎅 | B25: =원본파일!#REF! -> #REF! | C25: =원본파일!B51 -> 알라딘 | D25: =원본파일!C51 -> 89000 | E25: =원본파일!#REF! -> #REF! | F25: =원본파일!#REF! -> #REF! | H25: =원본파일!A63 -> 씨티 | I25: =원본파일!#REF! -> #REF! | J25: =원본파일!B63 -> 미니포인트 | K25: =원본파일!C63 -> 273000 | L25: =원본파일!#REF! -> #REF! | M25: =원본파일!#REF! -> #REF!
A26: =원본파일!A52 -> 부르뎅 | B26: =원본파일!#REF! -> #REF! | C26: =원본파일!B52 -> 엠키즈 | D26: =원본파일!C52 -> 1057000 | E26: =원본파일!#REF! -> #REF! | F26: =원본파일!#REF! -> #REF! | H26: =원본파일!A64 -> 씨티 | I26: =원본파일!#REF! -> #REF! | J26: =원본파일!B64 -> 밀크밤 | K26: =원본파일!C64 -> 49000 | L26: =원본파일!#REF! -> #REF! | M26: =원본파일!#REF! -> #REF!
A27: =원본파일!A53 -> 부르뎅 | B27: =원본파일!#REF! -> #REF! | C27: =원본파일!B53 -> 이루 | D27: =원본파일!C53 -> 196000 | E27: =원본파일!#REF! -> #REF! | F27: =원본파일!#REF! -> #REF! | H27: =원본파일!A65 -> 씨티 | I27: =원본파일!#REF! -> #REF! | J27: =원본파일!B65 -> 바나나제이 | K27: =원본파일!C65 -> 136000 | L27: =원본파일!#REF! -> #REF! | M27: =원본파일!#REF! -> #REF!
A28: =원본파일!A54 -> 부르뎅 | B28: =원본파일!#REF! -> #REF! | C28: =원본파일!B54 -> 크림빵 | D28: =원본파일!C54 -> 277000 | E28: =원본파일!#REF! -> #REF! | F28: =원본파일!#REF! -> #REF! | H28: =원본파일!A66 -> 씨티 | I28: =원본파일!#REF! -> #REF! | J28: =원본파일!B66 -> 바이미미 | K28: =원본파일!C66 -> 209000 | L28: =원본파일!#REF! -> #REF! | M28: =원본파일!#REF! -> #REF!
A29: =원본파일!A55 -> 부르뎅 | B29: =원본파일!#REF! -> #REF! | C29: =원본파일!B55 -> 헤이 | D29: =원본파일!C55 -> 579000 | E29: =원본파일!#REF! -> #REF! | F29: =원본파일!#REF! -> #REF! | H29: =원본파일!A67 -> 씨티 | I29: =원본파일!#REF! -> #REF! | J29: =원본파일!B67 -> 버니파우더 | K29: =원본파일!C67 -> 148000 | L29: =원본파일!#REF! -> #REF! | M29: =원본파일!#REF! -> #REF!
A30: =원본파일!A56 -> 씨티 | B30: =원본파일!#REF! -> #REF! | C30: =원본파일!B56 -> 니니벨로 | D30: =원본파일!C56 -> 12390000 | E30: =원본파일!#REF! -> #REF! | F30: =원본파일!#REF! -> #REF! | H30: =원본파일!A68 -> 씨티 | I30: =원본파일!#REF! -> #REF! | J30: =원본파일!B68 -> 베베나인베베 | K30: =원본파일!C68 -> 45000 | L30: =원본파일!#REF! -> #REF! | M30: =원본파일!#REF! -> #REF!
A31: =원본파일!A57 -> 씨티 | B31: =원본파일!#REF! -> #REF! | C31: =원본파일!B57 -> 더랄라 | D31: =원본파일!C57 -> 2711000 | E31: =원본파일!#REF! -> #REF! | F31: =원본파일!#REF! -> #REF! | H31: =원본파일!A69 -> 씨티 | I31: =원본파일!#REF! -> #REF! | J31: =원본파일!B69 -> 베이블리 | K31: =원본파일!C69 -> 1785000 | L31: =원본파일!#REF! -> #REF! | M31: =원본파일!#REF! -> #REF!
A32: =원본파일!A58 -> 씨티 | B32: =원본파일!#REF! -> #REF! | C32: =원본파일!B58 -> 라라봉봉 | D32: =원본파일!C58 -> 487000 | E32: =원본파일!#REF! -> #REF! | F32: =원본파일!#REF! -> #REF! | H32: =원본파일!A70 -> 씨티 | I32: =원본파일!#REF! -> #REF! | J32: =원본파일!B70 -> 보니토(악세10) | K32: =원본파일!C70 -> 1607000 | L32: =원본파일!#REF! -> #REF! | M32: =원본파일!#REF! -> #REF!
A33: =원본파일!A59 -> 씨티 | B33: =원본파일!#REF! -> #REF! | C33: =원본파일!B59 -> 로그101 | D33: =원본파일!C59 -> 74000 | E33: =원본파일!#REF! -> #REF! | F33: =원본파일!#REF! -> #REF! | H33: =원본파일!A71 -> 씨티 | I33: =원본파일!#REF! -> #REF! | J33: =원본파일!B71 -> 빠빠 | K33: =원본파일!C71 -> 1291000 | L33: =원본파일!#REF! -> #REF! | M33: =원본파일!#REF! -> #REF!
A34: =원본파일!A60 -> 씨티 | B34: =원본파일!#REF! -> #REF! | C34: =원본파일!B60 -> 마틸다앤리 | D34: =원본파일!C60 -> 341000 | E34: =원본파일!#REF! -> #REF! | F34: =원본파일!#REF! -> #REF! | H34: =원본파일!A72 -> 씨티 | I34: =원본파일!#REF! -> #REF! | J34: =원본파일!B72 -> 세인트돌 | K34: =원본파일!C72 -> 143000 | L34: =원본파일!#REF! -> #REF! | M34: =원본파일!#REF! -> #REF!
A35: =원본파일!A61 -> 씨티 | B35: =원본파일!#REF! -> #REF! | C35: =원본파일!B61 -> 모메 | D35: =원본파일!C61 -> 67000 | E35: =원본파일!#REF! -> #REF! | F35: =원본파일!#REF! -> #REF! | H35: =원본파일!A73 -> 씨티 | I35: =원본파일!#REF! -> #REF! | J35: =원본파일!B73 -> 스튜디오엠 | K35: =원본파일!C73 -> 185000 | L35: =원본파일!#REF! -> #REF! | M35: =원본파일!#REF! -> #REF!
A36: =원본파일!A62 -> 씨티 | B36: =원본파일!#REF! -> #REF! | C36: =원본파일!B62 -> 미니멀 | D36: =원본파일!C62 -> 5404000 | E36: =원본파일!#REF! -> #REF! | F36: =원본파일!#REF! -> #REF! | H36: =원본파일!A74 -> 씨티 | I36: =원본파일!#REF! -> #REF! | J36: =원본파일!B74 -> 아오유스튜디오 | K36: =원본파일!C74 -> 3402000 | L36: =원본파일!#REF! -> #REF! | M36: =원본파일!#REF! -> #REF!
A37: =원본파일!A75 -> 씨티 | B37: =원본파일!#REF! -> #REF! | C37: =원본파일!B75 -> 앤드버터 | D37: =원본파일!C75 -> 32000 | E37: =원본파일!#REF! -> #REF! | F37: =원본파일!#REF! -> #REF! | H37: =원본파일!A87 -> 웅이 | I37: =원본파일!#REF! -> #REF! | J37: =원본파일!B87 -> 모란 | K37: =원본파일!C87 -> 1943000 | L37: =원본파일!#REF! -> #REF! | M37: =원본파일!#REF! -> #REF!
A38: =원본파일!A76 -> 씨티 | B38: =원본파일!#REF! -> #REF! | C38: =원본파일!B76 -> 에이모어 | D38: =원본파일!C76 -> 295000 | E38: =원본파일!#REF! -> #REF! | F38: =원본파일!#REF! -> #REF! | H38: =원본파일!A88 -> 웅이 | I38: =원본파일!#REF! -> #REF! | J38: =원본파일!B88 -> 미라이키 | K38: =원본파일!C88 -> 787000 | L38: =원본파일!#REF! -> #REF! | M38: =원본파일!#REF! -> #REF!
A39: =원본파일!A77 -> 씨티 | B39: =원본파일!#REF! -> #REF! | C39: =원본파일!B77 -> 제이룸 | D39: =원본파일!C77 -> 265000 | E39: =원본파일!#REF! -> #REF! | F39: =원본파일!#REF! -> #REF! | H39: =원본파일!A89 -> 웅이 | I39: =원본파일!#REF! -> #REF! | J39: =원본파일!B89 -> 미소 | K39: =원본파일!C89 -> 1048000 | L39: =원본파일!#REF! -> #REF! | M39: =원본파일!#REF! -> #REF!
A40: =원본파일!A78 -> 씨티 | B40: =원본파일!#REF! -> #REF! | C40: =원본파일!B78 -> 키들리 | D40: =원본파일!C78 -> 649000 | E40: =원본파일!#REF! -> #REF! | F40: =원본파일!#REF! -> #REF! | H40: =원본파일!A90 -> 웅이 | I40: =원본파일!#REF! -> #REF! | J40: =원본파일!B90 -> 보네오네 | K40: =원본파일!C90 -> 263000 | L40: =원본파일!#REF! -> #REF! | M40: =원본파일!#REF! -> #REF!
A41: =원본파일!A79 -> 씨티 | B41: =원본파일!#REF! -> #REF! | C41: =원본파일!B79 -> 티티(오뜨르) | D41: =원본파일!C79 -> 118000 | E41: =원본파일!#REF! -> #REF! | F41: =원본파일!#REF! -> #REF! | H41: =원본파일!A91 -> 웅이 | I41: =원본파일!#REF! -> #REF! | J41: =원본파일!B91 -> 빼로베베 | K41: =원본파일!C91 -> 1155000 | L41: =원본파일!#REF! -> #REF! | M41: =원본파일!#REF! -> #REF!
A42: =원본파일!A80 -> 씨티 | B42: =원본파일!#REF! -> #REF! | C42: =원본파일!B80 -> 파이(썬데이) | D42: =원본파일!C80 -> 4737000 | E42: =원본파일!#REF! -> #REF! | F42: =원본파일!#REF! -> #REF! | H42: =원본파일!A92 -> 웅이 | I42: =원본파일!#REF! -> #REF! | J42: =원본파일!B92 -> 아미고 | K42: =원본파일!C92 -> 133000 | L42: =원본파일!#REF! -> #REF! | M42: =원본파일!#REF! -> #REF!
A43: =원본파일!A81 -> 씨티 | B43: =원본파일!#REF! -> #REF! | C43: =원본파일!B81 -> 푸아송 | D43: =원본파일!C81 -> 89000 | E43: =원본파일!#REF! -> #REF! | F43: =원본파일!#REF! -> #REF! | H43: =원본파일!A93 -> 웅이 | I43: =원본파일!#REF! -> #REF! | J43: =원본파일!B93 -> 앙뜨제이 | K43: =원본파일!C93 -> 1810000 | L43: =원본파일!#REF! -> #REF! | M43: =원본파일!#REF! -> #REF!
A44: =원본파일!A82 -> 씨티 | B44: =원본파일!#REF! -> #REF! | C44: =원본파일!B82 -> 하로하로 | D44: =원본파일!C82 -> 325000 | E44: =원본파일!#REF! -> #REF! | F44: =원본파일!#REF! -> #REF! | H44: =원본파일!A94 -> 웅이 | I44: =원본파일!#REF! -> #REF! | J44: =원본파일!B94 -> 열두달 | K44: =원본파일!C94 -> 161000 | L44: =원본파일!#REF! -> #REF! | M44: =원본파일!#REF! -> #REF!
A45: =원본파일!A83 -> 씨티 | B45: =원본파일!#REF! -> #REF! | C45: =원본파일!B83 -> 하이버디 | D45: =원본파일!C83 -> 90000 | E45: =원본파일!#REF! -> #REF! | F45: =원본파일!#REF! -> #REF! | H45: =원본파일!A95 -> 웅이 | I45: =원본파일!#REF! -> #REF! | J45: =원본파일!B95 -> 오누 | K45: =원본파일!C95 -> 2897000 | L45: =원본파일!#REF! -> #REF! | M45: =원본파일!#REF! -> #REF!
A46: =원본파일!A84 -> 씨티 | B46: =원본파일!#REF! -> #REF! | C46: =원본파일!B84 -> 한스/껌껌 | D46: =원본파일!C84 -> 1072000 | E46: =원본파일!#REF! -> #REF! | F46: =원본파일!#REF! -> #REF! | H46: =원본파일!A96 -> 웅이 | I46: =원본파일!#REF! -> #REF! | J46: =원본파일!B96 -> 오탈리 | K46: =원본파일!C96 -> 704000 | L46: =원본파일!#REF! -> #REF! | M46: =원본파일!#REF! -> #REF!
A47: =원본파일!A85 -> 웅이 | B47: =원본파일!#REF! -> #REF! | C47: =원본파일!B85 -> 누트(모스베베) | D47: =원본파일!C85 -> 45000 | E47: =원본파일!#REF! -> #REF! | F47: =원본파일!#REF! -> #REF! | H47: =원본파일!A97 -> 웅이 | I47: =원본파일!#REF! -> #REF! | J47: =원본파일!B97 -> 제제우노시티 | K47: =원본파일!C97 -> 65000 | L47: =원본파일!#REF! -> #REF! | M47: =원본파일!#REF! -> #REF!
A48: =원본파일!A86 -> 웅이 | B48: =원본파일!#REF! -> #REF! | C48: =원본파일!B86 -> 더고구마 | D48: =원본파일!C86 -> 5090000 | E48: =원본파일!#REF! -> #REF! | F48: =원본파일!#REF! -> #REF! | H48: =원본파일!A98 -> 원 | I48: =원본파일!#REF! -> #REF! | J48: =원본파일!B98 -> 그루바바 | K48: =원본파일!C98 -> 269000 | L48: =원본파일!#REF! -> #REF! | M48: =원본파일!#REF! -> #REF!
A49: =원본파일!A99 -> 원 | B49: =원본파일!#REF! -> #REF! | C49: =원본파일!B99 -> 꼬꼬밍 | D49: =원본파일!C99 -> 93000 | E49: =원본파일!#REF! -> #REF! | F49: =원본파일!#REF! -> #REF! | H49: =원본파일!A111 -> 원 | I49: =원본파일!#REF! -> #REF! | J49: =원본파일!B111 -> 쁘띠앤쁘띠/패티패티 | K49: =원본파일!C111 -> 53000 | L49: =원본파일!#REF! -> #REF! | M49: =원본파일!#REF! -> #REF!
A50: =원본파일!A100 -> 원 | B50: =원본파일!#REF! -> #REF! | C50: =원본파일!B100 -> 꼬맹이 | D50: =원본파일!C100 -> 717000 | E50: =원본파일!#REF! -> #REF! | F50: =원본파일!#REF! -> #REF! | H50: =원본파일!A112 -> 원 | I50: =원본파일!#REF! -> #REF! | J50: =원본파일!B112 -> 슈크림 | K50: =원본파일!C112 -> 280000 | L50: =원본파일!#REF! -> #REF! | M50: =원본파일!#REF! -> #REF!
A51: =원본파일!A101 -> 원 | B51: =원본파일!#REF! -> #REF! | C51: =원본파일!B101 -> 나무키즈 | D51: =원본파일!C101 -> 942000 | E51: =원본파일!#REF! -> #REF! | F51: =원본파일!#REF! -> #REF! | H51: =원본파일!A113 -> 원 | I51: =원본파일!#REF! -> #REF! | J51: =원본파일!B113 -> 쏠엣루나 | K51: =원본파일!C113 -> 80000 | L51: =원본파일!#REF! -> #REF! | M51: =원본파일!#REF! -> #REF!
A52: =원본파일!A102 -> 원 | B52: =원본파일!#REF! -> #REF! | C52: =원본파일!B102 -> 또또아 | D52: =원본파일!C102 -> 188000 | E52: =원본파일!#REF! -> #REF! | F52: =원본파일!#REF! -> #REF! | H52: =원본파일!A114 -> 원 | I52: =원본파일!#REF! -> #REF! | J52: =원본파일!B114 -> 어썸베베 | K52: =원본파일!C114 -> 1792000 | L52: =원본파일!#REF! -> #REF! | M52: =원본파일!#REF! -> #REF!
A53: =원본파일!A103 -> 원 | B53: =원본파일!#REF! -> #REF! | C53: =원본파일!B103 -> 라미지니 | D53: =원본파일!C103 -> 591000 | E53: =원본파일!#REF! -> #REF! | F53: =원본파일!#REF! -> #REF! | H53: =원본파일!A115 -> 원 | I53: =원본파일!#REF! -> #REF! | J53: =원본파일!B115 -> 옐로우팩토리 | K53: =원본파일!C115 -> 2461000 | L53: =원본파일!#REF! -> #REF! | M53: =원본파일!#REF! -> #REF!
A54: =원본파일!A104 -> 원 | B54: =원본파일!#REF! -> #REF! | C54: =원본파일!B104 -> 리우리우 | D54: =원본파일!C104 -> 157000 | E54: =원본파일!#REF! -> #REF! | F54: =원본파일!#REF! -> #REF! | H54: =원본파일!A116 -> 원 | I54: =원본파일!#REF! -> #REF! | J54: =원본파일!B116 -> 우디베베 | K54: =원본파일!C116 -> 899000 | L54: =원본파일!#REF! -> #REF! | M54: =원본파일!#REF! -> #REF!
A55: =원본파일!A105 -> 원 | B55: =원본파일!#REF! -> #REF! | C55: =원본파일!B105 -> 마론 | D55: =원본파일!C105 -> 195000 | E55: =원본파일!#REF! -> #REF! | F55: =원본파일!#REF! -> #REF! | H55: =원본파일!A117 -> 원 | I55: =원본파일!#REF! -> #REF! | J55: =원본파일!B117 -> 제니베이직 | K55: =원본파일!C117 -> 1265000 | L55: =원본파일!#REF! -> #REF! | M55: =원본파일!#REF! -> #REF!
A56: =원본파일!A106 -> 원 | B56: =원본파일!#REF! -> #REF! | C56: =원본파일!B106 -> 마이베베/티키타가 | D56: =원본파일!C106 -> 2000000 | E56: =원본파일!#REF! -> #REF! | F56: =원본파일!#REF! -> #REF! | H56: =원본파일!A118 -> 원 | I56: =원본파일!#REF! -> #REF! | J56: =원본파일!B118 -> 칼라 | K56: =원본파일!C118 -> 628000 | L56: =원본파일!#REF! -> #REF! | M56: =원본파일!#REF! -> #REF!
A57: =원본파일!A107 -> 원 | B57: =원본파일!#REF! -> #REF! | C57: =원본파일!B107 -> 몽쁘띠베베 | D57: =원본파일!C107 -> 534000 | E57: =원본파일!#REF! -> #REF! | F57: =원본파일!#REF! -> #REF! | H57: =원본파일!A119 -> 크레용 | I57: =원본파일!#REF! -> #REF! | J57: =원본파일!B119 -> NRK | K57: =원본파일!C119 -> 2004000 | L57: =원본파일!#REF! -> #REF! | M57: =원본파일!#REF! -> #REF!
A58: =원본파일!A108 -> 원 | B58: =원본파일!#REF! -> #REF! | C58: =원본파일!B108 -> 베러제이 구)깜보 | D58: =원본파일!C108 -> 244000 | E58: =원본파일!#REF! -> #REF! | F58: =원본파일!#REF! -> #REF! | H58: =원본파일!A120 -> 크레용 | I58: =원본파일!#REF! -> #REF! | J58: =원본파일!B120 -> 고디스 | K58: =원본파일!C120 -> 42000 | L58: =원본파일!#REF! -> #REF! | M58: =원본파일!#REF! -> #REF!
A59: =원본파일!A109 -> 원 | B59: =원본파일!#REF! -> #REF! | C59: =원본파일!B109 -> 베리베리 | D59: =원본파일!C109 -> 370000 | E59: =원본파일!#REF! -> #REF! | F59: =원본파일!#REF! -> #REF! | H59: =원본파일!A121 -> 크레용 | I59: =원본파일!#REF! -> #REF! | J59: =원본파일!B121 -> 누누비엘 | K59: =원본파일!C121 -> 97000 | L59: =원본파일!#REF! -> #REF! | M59: =원본파일!#REF! -> #REF!
A60: =원본파일!A110 -> 원 | B60: =원본파일!#REF! -> #REF! | C60: =원본파일!B110 -> 봉봉부틱 | D60: =원본파일!C110 -> 352000 | E60: =원본파일!#REF! -> #REF! | F60: =원본파일!#REF! -> #REF! | H60: =원본파일!A122 -> 크레용 | I60: =원본파일!#REF! -> #REF! | J60: =원본파일!B122 -> 벨라밤비나 | K60: =원본파일!C122 -> 141000 | L60: =원본파일!#REF! -> #REF! | M60: =원본파일!#REF! -> #REF!
A61: =원본파일!A123 -> 크레용 | B61: =원본파일!#REF! -> #REF! | C61: =원본파일!B123 -> 본네 | D61: =원본파일!C123 -> 149000 | E61: =원본파일!#REF! -> #REF! | F61: =원본파일!#REF! -> #REF! | H61: =원본파일!A135 -> 페인트 | I61: =원본파일!#REF! -> #REF! | J61: =원본파일!B135 -> 버킷리스트 | K61: =원본파일!C135 -> 410000 | L61: =원본파일!#REF! -> #REF! | M61: =원본파일!#REF! -> #REF!
A62: =원본파일!A124 -> 탑랜드 | B62: =원본파일!#REF! -> #REF! | C62: =원본파일!B124 -> 바닐라버니 | D62: =원본파일!C124 -> 2087000 | E62: =원본파일!#REF! -> #REF! | F62: =원본파일!#REF! -> #REF! | H62: =원본파일!A136 -> 페인트 | I62: =원본파일!#REF! -> #REF! | J62: =원본파일!B136 -> 베일리 | K62: =원본파일!C136 -> 354000 | L62: =원본파일!#REF! -> #REF! | M62: =원본파일!#REF! -> #REF!
A63: =원본파일!A125 -> 탑랜드 | B63: =원본파일!#REF! -> #REF! | C63: =원본파일!B125 -> 스몰라벨 | D63: =원본파일!C125 -> 96000 | E63: =원본파일!#REF! -> #REF! | F63: =원본파일!#REF! -> #REF! | H63: =원본파일!A137 -> 페인트 | I63: =원본파일!#REF! -> #REF! | J63: =원본파일!B137 -> 비앙조이 | K63: =원본파일!C137 -> 115000 | L63: =원본파일!#REF! -> #REF! | M63: =원본파일!#REF! -> #REF!
A64: =원본파일!A126 -> 탑랜드 | B64: =원본파일!#REF! -> #REF! | C64: =원본파일!B126 -> 아이콩 | D64: =원본파일!C126 -> 43000 | E64: =원본파일!#REF! -> #REF! | F64: =원본파일!#REF! -> #REF! | H64: =원본파일!A138 -> 페인트 | I64: =원본파일!#REF! -> #REF! | J64: =원본파일!B138 -> 소이빈 | K64: =원본파일!C138 -> 686000 | L64: =원본파일!#REF! -> #REF! | M64: =원본파일!#REF! -> #REF!
A65: =원본파일!A127 -> 탑랜드 | B65: =원본파일!#REF! -> #REF! | C65: =원본파일!B127 -> 페퍼민트 | D65: =원본파일!C127 -> 194000 | E65: =원본파일!#REF! -> #REF! | F65: =원본파일!#REF! -> #REF! | H65: =원본파일!A139 -> 페인트 | I65: =원본파일!#REF! -> #REF! | J65: =원본파일!B139 -> 아이스크림 | K65: =원본파일!C139 -> 196000 | L65: =원본파일!#REF! -> #REF! | M65: =원본파일!#REF! -> #REF!
A66: =원본파일!A128 -> 페인트 | B66: =원본파일!#REF! -> #REF! | C66: =원본파일!B128 -> 고유 | D66: =원본파일!C128 -> 514000 | E66: =원본파일!#REF! -> #REF! | F66: =원본파일!#REF! -> #REF! | H66: =원본파일!A140 -> 페인트 | I66: =원본파일!#REF! -> #REF! | J66: =원본파일!B140 -> 아젤리아 | K66: =원본파일!C140 -> 2727000 | L66: =원본파일!#REF! -> #REF! | M66: =원본파일!#REF! -> #REF!
A67: =원본파일!A129 -> 페인트 | B67: =원본파일!#REF! -> #REF! | C67: =원본파일!B129 -> 나비 | D67: =원본파일!C129 -> 996000 | E67: =원본파일!#REF! -> #REF! | F67: =원본파일!#REF! -> #REF! | H67: =원본파일!A141 -> 페인트 | I67: =원본파일!#REF! -> #REF! | J67: =원본파일!B141 -> 아펠 | K67: =원본파일!C141 -> 80000 | L67: =원본파일!#REF! -> #REF! | M67: =원본파일!#REF! -> #REF!
A68: =원본파일!A130 -> 페인트 | B68: =원본파일!#REF! -> #REF! | C68: =원본파일!B130 -> 데일리베베 | D68: =원본파일!C130 -> 1513000 | E68: =원본파일!#REF! -> #REF! | F68: =원본파일!#REF! -> #REF! | H68: =원본파일!A142 -> 페인트 | I68: =원본파일!#REF! -> #REF! | J68: =원본파일!B142 -> 오아후 | K68: =원본파일!C142 -> 263000 | L68: =원본파일!#REF! -> #REF! | M68: =원본파일!#REF! -> #REF!
A69: =원본파일!A131 -> 페인트 | B69: =원본파일!#REF! -> #REF! | C69: =원본파일!B131 -> 듀디 | D69: =원본파일!C131 -> 727000 | E69: =원본파일!#REF! -> #REF! | F69: =원본파일!#REF! -> #REF! | H69: =원본파일!A143 -> 페인트 | I69: =원본파일!#REF! -> #REF! | J69: =원본파일!B143 -> 오와 | K69: =원본파일!C143 -> 2059000 | L69: =원본파일!#REF! -> #REF! | M69: =원본파일!#REF! -> #REF!
A70: =원본파일!A132 -> 페인트 | B70: =원본파일!#REF! -> #REF! | C70: =원본파일!B132 -> 로이 | D70: =원본파일!C132 -> 255000 | E70: =원본파일!#REF! -> #REF! | F70: =원본파일!#REF! -> #REF! | H70: =원본파일!A144 -> 페인트 | I70: =원본파일!#REF! -> #REF! | J70: =원본파일!B144 -> 오트밀 | K70: =원본파일!C144 -> 465000 | L70: =원본파일!#REF! -> #REF! | M70: =원본파일!#REF! -> #REF!
A71: =원본파일!A133 -> 페인트 | B71: =원본파일!#REF! -> #REF! | C71: =원본파일!B133 -> 몽젤로 | D71: =원본파일!C133 -> 4807000 | E71: =원본파일!#REF! -> #REF! | F71: =원본파일!#REF! -> #REF! | H71: =원본파일!A145 -> 페인트 | I71: =원본파일!#REF! -> #REF! | J71: =원본파일!B145 -> 오호 | K71: =원본파일!C145 -> 373000 | L71: =원본파일!#REF! -> #REF! | M71: =원본파일!#REF! -> #REF!
A72: =원본파일!A134 -> 페인트 | B72: =원본파일!#REF! -> #REF! | C72: =원본파일!B134 -> 미니봉봉 | D72: =원본파일!C134 -> 158000 | E72: =원본파일!#REF! -> #REF! | F72: =원본파일!#REF! -> #REF! | H72: =원본파일!A146 -> 페인트 | I72: =원본파일!#REF! -> #REF! | J72: =원본파일!B146 -> 우티 | K72: =원본파일!C146 -> 83000 | L72: =원본파일!#REF! -> #REF! | M72: =원본파일!#REF! -> #REF!
A73: =원본파일!A147 -> 페인트 | B73: =원본파일!#REF! -> #REF! | C73: =원본파일!B147 -> 칸투치스튜디오 | D73: =원본파일!C147 -> 1572000 | E73: =원본파일!#REF! -> #REF! | F73: =원본파일!#REF! -> #REF! | H73: =원본파일!A159 -> 포키 | I73: =원본파일!#REF! -> #REF! | J73: =원본파일!B159 -> 오뜨베베 | K73: =원본파일!C159 -> 4384000 | L73: =원본파일!#REF! -> #REF! | M73: =원본파일!#REF! -> #REF!
A74: =원본파일!A148 -> 페인트 | B74: =원본파일!#REF! -> #REF! | C74: =원본파일!B148 -> 코튼캔디 | D74: =원본파일!C148 -> 31000 | E74: =원본파일!#REF! -> #REF! | F74: =원본파일!#REF! -> #REF! | H74: =원본파일!A160 -> 포키 | I74: =원본파일!#REF! -> #REF! | J74: =원본파일!B160 -> 원팩 | K74: =원본파일!C160 -> 84000 | L74: =원본파일!#REF! -> #REF! | M74: =원본파일!#REF! -> #REF!
A75: =원본파일!A149 -> 페인트 | B75: =원본파일!#REF! -> #REF! | C75: =원본파일!B149 -> 콤마 | D75: =원본파일!C149 -> 580000 | E75: =원본파일!#REF! -> #REF! | F75: =원본파일!#REF! -> #REF! | H75: =원본파일!A161 -> 포키 | I75: =원본파일!#REF! -> #REF! | J75: =원본파일!B161 -> 제이스타 | K75: =원본파일!C161 -> 82000 | L75: =원본파일!#REF! -> #REF! | M75: =원본파일!#REF! -> #REF!
A76: =원본파일!A150 -> 페인트 | B76: =원본파일!#REF! -> #REF! | C76: =원본파일!B150 -> 페퍼 | D76: =원본파일!C150 -> 19999000 | E76: =원본파일!#REF! -> #REF! | F76: =원본파일!#REF! -> #REF! | H76: =원본파일!A162 -> 포키 | I76: =원본파일!#REF! -> #REF! | J76: =원본파일!B162 -> 지플라워 | K76: =원본파일!C162 -> 113000 | L76: =원본파일!#REF! -> #REF! | M76: =원본파일!#REF! -> #REF!
A77: =원본파일!A151 -> 페인트 | B77: =원본파일!#REF! -> #REF! | C77: =원본파일!B151 -> 포크칩스 | D77: =원본파일!C151 -> 7174000 | E77: =원본파일!#REF! -> #REF! | F77: =원본파일!#REF! -> #REF! | H77: =원본파일!A163 -> 포키 | I77: =원본파일!#REF! -> #REF! | J77: =원본파일!B163 -> 트윙클 | K77: =원본파일!C163 -> 50000 | L77: =원본파일!#REF! -> #REF! | M77: =원본파일!#REF! -> #REF!
A78: =원본파일!A152 -> 페인트 | B78: =원본파일!#REF! -> #REF! | C78: =원본파일!B152 -> 호제트 | D78: =원본파일!C152 -> 243000 | E78: =원본파일!#REF! -> #REF! | F78: =원본파일!#REF! -> #REF! | H78: =원본파일!A164 -> 포키 | I78: =원본파일!#REF! -> #REF! | J78: =원본파일!B164 -> 파티키즈 | K78: =원본파일!C164 -> 53000 | L78: =원본파일!#REF! -> #REF! | M78: =원본파일!#REF! -> #REF!
A79: =원본파일!A153 -> 포키 | B79: =원본파일!#REF! -> #REF! | C79: =원본파일!B153 -> 다조아 | D79: =원본파일!C153 -> 1116000 | E79: =원본파일!#REF! -> #REF! | F79: =원본파일!#REF! -> #REF! | H79: =원본파일!A165 -> 포키 | I79: =원본파일!#REF! -> #REF! | J79: =원본파일!B165 -> 하트베이비 | K79: =원본파일!C165 -> 239000 | L79: =원본파일!#REF! -> #REF! | M79: =원본파일!#REF! -> #REF!
A80: =원본파일!A154 -> 포키 | B80: =원본파일!#REF! -> #REF! | C80: =원본파일!B154 -> 라임앤블루/위드라임 | D80: =원본파일!C154 -> 535000 | E80: =원본파일!#REF! -> #REF! | F80: =원본파일!#REF! -> #REF! | H80: =원본파일!A166 -> 혜양 | I80: =원본파일!#REF! -> #REF! | J80: =원본파일!B166 -> 레브 | K80: =원본파일!C166 -> 1556000 | L80: =원본파일!#REF! -> #REF! | M80: =원본파일!#REF! -> #REF!
A81: =원본파일!A155 -> 포키 | B81: =원본파일!#REF! -> #REF! | C81: =원본파일!B155 -> 레모네이드 | D81: =원본파일!C155 -> 250000 | E81: =원본파일!#REF! -> #REF! | F81: =원본파일!#REF! -> #REF! | H81: =원본파일!A167 -> 혜양 | I81: =원본파일!#REF! -> #REF! | J81: =원본파일!B167 -> 레브베베 | K81: =원본파일!C167 -> 372000 | L81: =원본파일!#REF! -> #REF! | M81: =원본파일!#REF! -> #REF!
A82: =원본파일!A156 -> 포키 | B82: =원본파일!#REF! -> #REF! | C82: =원본파일!B156 -> 바코드 | D82: =원본파일!C156 -> 69000 | E82: =원본파일!#REF! -> #REF! | F82: =원본파일!#REF! -> #REF! | H82: =원본파일!A168 -> 혜양 | I82: =원본파일!#REF! -> #REF! | J82: =원본파일!B168 -> 리틀래빗/밀키 | K82: =원본파일!C168 -> 1000000 | L82: =원본파일!#REF! -> #REF! | M82: =원본파일!#REF! -> #REF!
A83: =원본파일!A157 -> 포키 | B83: =원본파일!#REF! -> #REF! | C83: =원본파일!B157 -> 베이비잼 | D83: =원본파일!C157 -> 968000 | E83: =원본파일!#REF! -> #REF! | F83: =원본파일!#REF! -> #REF! | H83: =원본파일!A169 -> 혜양 | I83: =원본파일!#REF! -> #REF! | J83: =원본파일!B169 -> 미미상회 | K83: =원본파일!C169 -> 99000 | L83: =원본파일!#REF! -> #REF! | M83: =원본파일!#REF! -> #REF!
A84: =원본파일!A158 -> 포키 | B84: =원본파일!#REF! -> #REF! | C84: =원본파일!B158 -> 새로빈 | D84: =원본파일!C158 -> 1065000 | E84: =원본파일!#REF! -> #REF! | F84: =원본파일!#REF! -> #REF! | H84: =원본파일!A170 -> 혜양 | I84: =원본파일!#REF! -> #REF! | J84: =원본파일!B170 -> 바이엠 | K84: =원본파일!C170 -> 159000 | L84: =원본파일!#REF! -> #REF! | M84: =원본파일!#REF! -> #REF!
A85: =원본파일!A171 -> 혜양 | B85: =원본파일!#REF! -> #REF! | C85: =원본파일!B171 -> 블랙빈 | D85: =원본파일!C171 -> 7172000 | E85: =원본파일!#REF! -> #REF! | F85: =원본파일!#REF! -> #REF! | H85: =원본파일!A183 -> 0 | I85: =원본파일!#REF! -> #REF! | J85: =원본파일!B183 -> 0 | K85: =원본파일!C183 -> 0 | L85: =원본파일!#REF! -> #REF! | M85: =원본파일!#REF! -> #REF!
A86: =원본파일!A172 -> 혜양 | B86: =원본파일!#REF! -> #REF! | C86: =원본파일!B172 -> 이시스 | D86: =원본파일!C172 -> 119000 | E86: =원본파일!#REF! -> #REF! | F86: =원본파일!#REF! -> #REF! | H86: =원본파일!A184 -> 0 | I86: =원본파일!#REF! -> #REF! | J86: =원본파일!B184 -> 0 | K86: =원본파일!C184 -> 0 | L86: =원본파일!#REF! -> #REF! | M86: =원본파일!#REF! -> #REF!
A87: =원본파일!A173 -> 혜양 | B87: =원본파일!#REF! -> #REF! | C87: =원본파일!B173 -> 청은 | D87: =원본파일!C173 -> 47000 | E87: =원본파일!#REF! -> #REF! | F87: =원본파일!#REF! -> #REF! | H87: =원본파일!A185 -> 0 | I87: =원본파일!#REF! -> #REF! | J87: =원본파일!B185 -> 0 | K87: =원본파일!C185 -> 0 | L87: =원본파일!#REF! -> #REF! | M87: =원본파일!#REF! -> #REF!
A88: =원본파일!A174 -> 혜양 | B88: =원본파일!#REF! -> #REF! | C88: =원본파일!B174 -> 플라워제이 | D88: =원본파일!C174 -> 1390000 | E88: =원본파일!#REF! -> #REF! | F88: =원본파일!#REF! -> #REF! | H88: =원본파일!A186 -> 0 | I88: =원본파일!#REF! -> #REF! | J88: =원본파일!B186 -> 0 | K88: =원본파일!C186 -> 0 | L88: =원본파일!#REF! -> #REF! | M88: =원본파일!#REF! -> #REF!
A89: =원본파일!A175 -> 0 | B89: =원본파일!#REF! -> #REF! | C89: =원본파일!B175 -> 0 | D89: =원본파일!C175 -> 0 | E89: =원본파일!#REF! -> #REF! | F89: =원본파일!#REF! -> #REF! | H89: =원본파일!A187 -> 0 | I89: =원본파일!#REF! -> #REF! | J89: =원본파일!B187 -> 0 | K89: =원본파일!C187 -> 0 | L89: =원본파일!#REF! -> #REF! | M89: =원본파일!#REF! -> #REF!
A90: =원본파일!A176 -> 0 | B90: =원본파일!#REF! -> #REF! | C90: =원본파일!B176 -> 0 | D90: =원본파일!C176 -> 0 | E90: =원본파일!#REF! -> #REF! | F90: =원본파일!#REF! -> #REF! | H90: =원본파일!A188 -> 0 | I90: =원본파일!#REF! -> #REF! | J90: =원본파일!B188 -> 0 | K90: =원본파일!C188 -> 0 | L90: =원본파일!#REF! -> #REF! | M90: =원본파일!#REF! -> #REF!
A91: =원본파일!A177 -> 0 | B91: =원본파일!#REF! -> #REF! | C91: =원본파일!B177 -> 0 | D91: =원본파일!C177 -> 0 | E91: =원본파일!#REF! -> #REF! | F91: =원본파일!#REF! -> #REF! | H91: =원본파일!A189 -> 0 | I91: =원본파일!#REF! -> #REF! | J91: =원본파일!B189 -> 0 | K91: =원본파일!C189 -> 0 | L91: =원본파일!#REF! -> #REF! | M91: =원본파일!#REF! -> #REF!
A92: =원본파일!A178 -> 0 | B92: =원본파일!#REF! -> #REF! | C92: =원본파일!B178 -> 0 | D92: =원본파일!C178 -> 0 | E92: =원본파일!#REF! -> #REF! | F92: =원본파일!#REF! -> #REF! | H92: =원본파일!A190 -> 0 | I92: =원본파일!#REF! -> #REF! | J92: =원본파일!B190 -> 0 | K92: =원본파일!C190 -> 0 | L92: =원본파일!#REF! -> #REF! | M92: =원본파일!#REF! -> #REF!
A93: =원본파일!A179 -> 0 | B93: =원본파일!#REF! -> #REF! | C93: =원본파일!B179 -> 0 | D93: =원본파일!C179 -> 0 | E93: =원본파일!#REF! -> #REF! | F93: =원본파일!#REF! -> #REF! | H93: =원본파일!A191 -> 0 | I93: =원본파일!#REF! -> #REF! | J93: =원본파일!B191 -> 0 | K93: =원본파일!C191 -> 0 | L93: =원본파일!#REF! -> #REF! | M93: =원본파일!#REF! -> #REF!
A94: =원본파일!A180 -> 0 | B94: =원본파일!#REF! -> #REF! | C94: =원본파일!B180 -> 0 | D94: =원본파일!C180 -> 0 | E94: =원본파일!#REF! -> #REF! | F94: =원본파일!#REF! -> #REF! | H94: =원본파일!A192 -> 0 | I94: =원본파일!#REF! -> #REF! | J94: =원본파일!B192 -> 0 | K94: =원본파일!C192 -> 0 | L94: =원본파일!#REF! -> #REF! | M94: =원본파일!#REF! -> #REF!
A95: =원본파일!A181 -> 0 | B95: =원본파일!#REF! -> #REF! | C95: =원본파일!B181 -> 0 | D95: =원본파일!C181 -> 0 | E95: =원본파일!#REF! -> #REF! | F95: =원본파일!#REF! -> #REF! | H95: =원본파일!A193 -> 0 | I95: =원본파일!#REF! -> #REF! | J95: =원본파일!B193 -> 0 | K95: =원본파일!C193 -> 0 | L95: =원본파일!#REF! -> #REF! | M95: =원본파일!#REF! -> #REF!
A96: =원본파일!A182 -> 0 | B96: =원본파일!#REF! -> #REF! | C96: =원본파일!B182 -> 0 | D96: =원본파일!C182 -> 0 | E96: =원본파일!#REF! -> #REF! | F96: =원본파일!#REF! -> #REF! | H96: =원본파일!A194 -> 0 | I96: =원본파일!#REF! -> #REF! | J96: =원본파일!B194 -> 0 | K96: =원본파일!C194 -> 0 | L96: =원본파일!#REF! -> #REF! | M96: =원본파일!#REF! -> #REF!
A97: =원본파일!A195 -> 0 | B97: =원본파일!#REF! -> #REF! | C97: =원본파일!B195 -> 0 | D97: =원본파일!C195 -> 0 | E97: =원본파일!#REF! -> #REF! | F97: =원본파일!#REF! -> #REF! | H97: =원본파일!A207 -> 0 | I97: =원본파일!#REF! -> #REF! | J97: =원본파일!B207 -> 0 | K97: =원본파일!C207 -> 0 | L97: =원본파일!#REF! -> #REF! | M97: =원본파일!#REF! -> #REF!
A98: =원본파일!A196 -> 0 | B98: =원본파일!#REF! -> #REF! | C98: =원본파일!B196 -> 0 | D98: =원본파일!C196 -> 0 | E98: =원본파일!#REF! -> #REF! | F98: =원본파일!#REF! -> #REF! | H98: =원본파일!A208 -> 0 | I98: =원본파일!#REF! -> #REF! | J98: =원본파일!B208 -> 0 | K98: =원본파일!C208 -> 0 | L98: =원본파일!#REF! -> #REF! | M98: =원본파일!#REF! -> #REF!
A99: =원본파일!A197 -> 0 | B99: =원본파일!#REF! -> #REF! | C99: =원본파일!B197 -> 0 | D99: =원본파일!C197 -> 0 | E99: =원본파일!#REF! -> #REF! | F99: =원본파일!#REF! -> #REF! | H99: =원본파일!A209 -> 0 | I99: =원본파일!#REF! -> #REF! | J99: =원본파일!B209 -> 0 | K99: =원본파일!C209 -> 0 | L99: =원본파일!#REF! -> #REF! | M99: =원본파일!#REF! -> #REF!
A100: =원본파일!A198 -> 0 | B100: =원본파일!#REF! -> #REF! | C100: =원본파일!B198 -> 0 | D100: =원본파일!C198 -> 0 | E100: =원본파일!#REF! -> #REF! | F100: =원본파일!#REF! -> #REF! | H100: =원본파일!A210 -> 0 | I100: =원본파일!#REF! -> #REF! | J100: =원본파일!B210 -> 0 | K100: =원본파일!C210 -> 0 | L100: =원본파일!#REF! -> #REF! | M100: =원본파일!#REF! -> #REF!
...
